Date,Consumer Sentiment,PCE Total,PCE Durables,PCE Nondurables,PCE Services,Real Disposable Income,Recession Flag,Sentiment_MoM,Spending_MoM,Sentiment_Z,Spending_Z,Divergence_Raw,Divergence_3m,Divergence_6m,High_Divergence_Flag,Event_Label
2000-07-01,108.3,6768.5,897.3,1547.8,4323.4,10035.9,0,0.0178571428571427,0.0032014703048808,0.3299216333891346,-0.0611613613371607,0.3910829947262954,-0.0865476891480038,-0.2519954801301337,0,
2000-08-01,107.3,6802.8,906.4,1548.8,4347.6,10098.3,0,-0.0092336103416436,0.0050675925241929,-0.1544309675702813,0.1120136285826794,-0.2664445961529608,-0.2384773770091802,-0.1444814577288986,0,
2000-09-01,106.8,6888.6,931.3,1575.8,4381.5,10110.3,0,-0.0046598322460391,0.0126124536955372,-0.0726568913546205,0.8121720875370639,-0.8848289788916844,-0.2533968601061167,-0.0981228041463351,0,
2000-10-01,105.8,6893.8,920.6,1572.6,4400.6,10139.2,0,-0.0093632958801498,0.0007548703655313,-0.1567496010693724,-0.2882043253242138,0.1314547242548414,-0.3399396169299347,-0.2132436530389692,0,
2000-11-01,107.6,6909.8,913.4,1572.5,4424.0,10143.5,0,0.0170132325141776,0.0023209260494938,0.3148334530571814,-0.1428753246416752,0.4577087776988566,-0.0985551589793288,-0.1685162679942545,0,
2000-12-01,98.4,6952.2,913.5,1587.7,4451.0,10164.3,0,-0.0855018587360594,0.0061362123361023,-1.5180226037787925,0.2111808874258691,-1.7292034912046617,-0.3800133297503212,-0.3167050949282189,0,
2001-01-01,94.7,6987.4,916.5,1582.1,4488.9,10211.7,0,-0.0376016260162601,0.0050631454791287,-0.6616196040484112,0.1116009455460621,-0.7732205495944734,-0.6815717543667595,-0.5107556856483471,0,
2001-02-01,90.6,7001.8,938.9,1574.9,4488.0,10223.4,0,-0.0432946145723337,0.0020608523914475,-0.7634039211596076,-0.1670099995544349,-0.5963939216051727,-1.032939320801436,-0.5657472398903823,1,
2001-03-01,91.5,6996.7,925.1,1560.3,4511.3,10254.4,0,0.0099337748344372,-0.0007283841297952,0.1882606067651862,-0.4258494268178455,0.6141100335830317,-0.2518348125388715,-0.3159240711445963,0,
2001-04-01,88.4,7004.2,908.3,1582.1,4513.8,10233.1,1,-0.0338797814207649,0.0010719339117011,-0.5950771533100688,-0.2587810239757417,-0.336296129334327,-0.1061933391188227,-0.3938825467427911,0,
2001-05-01,92.0,7052.8,916.0,1603.0,4533.8,10214.7,1,0.0407239819004523,0.0069386939265012,0.7387553370915281,0.2856506836107109,0.4531046534808172,0.2436395192431738,-0.394649900779131,0,
2001-06-01,92.6,7069.7,934.1,1586.8,4548.8,10218.1,1,0.0065217391304346,0.0023962114337567,0.1272571951703365,-0.1358888874587716,0.2631460826291081,0.126651535591866,-0.0625916384735027,0,
2001-07-01,92.4,7082.3,925.0,1592.0,4565.3,10370.7,1,-0.0021598272138227,0.0017822538438689,-0.0279595759687983,-0.1928637727796376,0.1649041968108393,0.2937183109735881,0.0937624859273827,0,
2001-08-01,91.5,7121.7,942.5,1590.2,4589.0,10543.1,1,-0.0097402597402598,0.0055631645087046,-0.1634892965208874,0.1580024028088373,-0.3214916993297247,0.0355195267034074,0.1395795229732907,0,
2001-09-01,81.8,7007.0,904.1,1591.9,4511.0,10452.8,1,-0.1060109289617486,-0.0161057050985017,-1.884702017753776,-1.8528553196748836,-0.0318466980788927,-0.0628114001992594,0.0319200676963033,1,Sept 11 Attacks
2001-10-01,82.7,7212.9,1035.1,1592.0,4585.8,10267.7,1,0.011002444987775,0.0293849008134721,0.2073672430605565,2.368644825774997,-2.1612775827144404,-0.838205326707686,-0.2722435078670489,0,
2001-11-01,83.9,7182.3,997.0,1580.6,4604.8,10279.7,1,0.0145102781136639,-0.004242399035062,0.2700834062395111,-0.7519478406838227,1.022031246923334,-0.3903643446233331,-0.1774224089599628,0,
2001-12-01,88.8,7166.7,955.6,1573.1,4638.1,10298.9,0,0.0584028605482715,-0.0021720061818637,1.0548340666966072,-0.5598166620438265,1.6146507287404337,0.158468130983109,0.0478283653919248,0,
2002-01-01,93.0,7184.6,970.7,1578.6,4635.3,10514.7,0,0.0472972972972973,0.0024976628015684,0.856278921099192,-0.1264742631558569,0.982753184255049,1.2064783866396056,0.1841365299659597,1,Sept 11 Attacks
2002-02-01,90.7,7225.2,983.2,1584.5,4657.5,10531.6,0,-0.0247311827956988,0.0056509756980207,-0.4315103633183082,0.1661512269679922,-0.5976615902863005,0.6665807742363942,0.1381082148065304,0,
2002-03-01,95.7,7243.4,974.9,1593.8,4674.7,10539.0,0,0.0551267916207276,0.0025189614128329,0.9962615901643076,-0.1244977651790074,1.1207593553433148,0.5019503164373545,0.3302092237102317,0,
2002-04-01,93.0,7312.5,1001.5,1607.3,4703.6,10574.2,0,-0.0282131661442006,0.0095397189165309,-0.49376436116654,0.5270241969680892,-1.0207885581346292,-0.1658969310258715,0.5202907278068668,0,
2002-05-01,96.9,7288.9,962.7,1602.6,4723.7,10616.5,0,0.0419354838709677,-0.0032273504273504,0.7604156477584497,-0.657751956518529,1.4181676042769786,0.5060461338285548,0.5863134540324744,1,
2002-06-01,92.4,7322.5,968.0,1618.7,4735.8,10648.2,0,-0.0464396284829721,0.0046097490705045,-0.8196332794389293,0.0695260387255827,-0.889159318164512,-0.1639267573407208,0.1690117795483167,0,
2002-07-01,88.1,7387.3,1001.6,1617.5,4768.2,10621.0,0,-0.0465367965367966,0.0088494366678046,-0.8213705364009168,0.4629664304252982,-1.284336966826215,-0.2517762269045827,-0.2088365789652272,0,
2002-08-01,87.6,7412.6,1019.7,1616.3,4776.6,10623.0,0,-0.0056753688989784,0.0034247966103988,-0.0908135596322232,-0.0404368180534018,-0.0503767415788213,-0.741291008856516,-0.1176224375139807,0,
2002-09-01,86.1,7391.5,983.9,1616.4,4791.3,10633.6,0,-0.0171232876712328,-0.0028465046002752,-0.2954896419923816,-0.6224096988774019,0.3269200568850203,-0.3359312171733386,-0.2499289872570298,0,
2002-10-01,80.6,7435.2,969.9,1634.8,4830.4,10661.8,0,-0.0638792102206736,0.0059121964418589,-1.1314336458709144,0.1903923507340988,-1.3218259966050132,-0.3484275604329379,-0.3001018936687604,0,
2002-11-01,84.2,7463.8,978.5,1645.0,4840.3,10690.9,0,0.044665012406948,0.0038465676780718,0.8092165886586175,-0.0012967233495924,0.81051331200821,-0.0614642092372608,-0.4013776090468886,0,
2002-12-01,86.7,7519.9,1009.9,1645.8,4864.3,10719.9,0,0.0296912114014251,0.007516278571237,0.541501645111066,0.339250182075952,0.202251463035114,-0.1030204071872296,-0.2194758121802842,0,
2003-01-01,82.4,7541.3,982.6,1667.1,4891.6,10710.4,0,-0.04959630911188,0.0028457825237038,-0.8760712256927922,-0.0941689678500088,-0.7819022578427833,0.0769541724001803,-0.1357366940163789,0,
2003-02-01,79.9,7548.6,956.4,1687.0,4905.3,10674.0,0,-0.0303398058252427,0.0009680028642276,-0.5317863184468709,-0.2684257610204679,-0.2633605574264029,-0.2810037840780239,-0.1712339966576426,0,
2003-03-01,77.6,7611.5,984.6,1694.3,4932.6,10696.5,0,-0.0287859824780977,0.0083326709588531,-0.5040056814856628,0.415010891654859,-0.919016573140522,-0.6547597961365693,-0.3788901016618997,0,
2003-04-01,86.0,7634.5,1003.9,1676.2,4954.4,10752.7,0,0.1082474226804124,0.00302174341457,1.945999518437061,-0.0778399058053588,2.02383942424242,0.2804874312251651,0.1787208018126726,0,
2003-05-01,92.1,7650.3,1005.7,1653.0,4991.7,10832.0,0,0.0709302325581395,0.0020695526884537,1.2788095749315558,-0.1662026173633057,1.4450121922948616,0.8499450144655866,0.2844706151937812,0,
2003-06-01,89.7,7699.6,1013.9,1681.0,5004.6,10860.6,0,-0.026058631921824,0.0064441917310431,-0.4552436804454533,0.2397611851483,-0.6950048655937533,0.9246155836478428,0.1349278937556366,1,
2003-07-01,90.9,7757.0,1024.9,1696.8,5035.3,10991.1,0,0.0133779264214046,0.0074549327237778,0.2498382147041527,0.3335573253029977,-0.0837191105988449,0.2220960720340878,0.2512917516296264,0,
2003-08-01,89.3,7852.1,1059.3,1733.1,5059.7,11066.7,0,-0.0176017601760176,0.0122598942890292,-0.304044199352953,0.779454792262236,-1.0834989916151891,-0.6207409892692625,0.114602012598162,0,
2003-09-01,87.7,7853.7,1041.1,1743.6,5069.0,10940.8,0,-0.0179171332586784,0.0002037671450949,-0.3096827200592065,-0.3393463639625197,0.0296636439033131,-0.3791848194369069,0.2727153821054679,0,
2003-10-01,89.6,7867.4,1036.2,1730.0,5101.2,10982.3,0,0.0216647662485744,0.0017444007283191,0.3979977137986109,-0.1963765185344101,0.594374232333021,-0.153153705126285,0.0344711834539014,0,
2003-11-01,93.7,7922.6,1053.5,1746.1,5123.0,11048.4,0,0.0457589285714286,0.0070162950911356,0.8287745956143421,0.292852023782462,0.5359225718318801,0.3866534826894047,-0.1170437532899288,0,
2003-12-01,92.6,7950.4,1051.5,1749.5,5149.4,11057.2,0,-0.0117395944503736,0.0035089490823718,-0.1992351822083865,-0.0326275206050123,-0.1666076616033742,0.3212297141871756,-0.0289775526248656,0,
2004-01-01,103.8,8007.1,1048.1,1775.3,5183.7,11051.2,0,0.1209503239740821,0.0071317166431879,2.173113295458044,0.3035630725585421,1.8695502228995016,0.7462883777093358,0.2965673362915254,0,
2004-02-01,94.4,8040.4,1065.2,1764.8,5210.4,11071.0,0,-0.0905587668593448,0.0041588090569617,-1.608434508695331,0.0276790838522201,-1.6361135925475512,0.022276322916192,0.2044649028027984,0,
2004-03-01,95.8,8098.8,1079.4,1796.9,5222.5,11115.6,0,0.0148305084745761,0.0072633202328242,0.2758087696901277,0.315775804432607,-0.0399670347424792,0.064489865203157,0.1928597896951663,0,
2004-04-01,94.2,8107.2,1062.8,1788.1,5256.3,11153.3,0,-0.0167014613778705,0.0010371906949178,-0.2879478560241624,-0.262005173044848,-0.0259426829793144,-0.567341103423115,0.0894736371431104,0,
2004-05-01,90.2,8176.5,1091.5,1810.0,5274.9,11208.9,0,-0.0424628450106157,0.0085479573712254,-0.7485328045221028,0.434989337818048,-1.1835221423401507,-0.4164772866873148,-0.1971004818855613,0,
2004-06-01,95.6,8157.6,1043.6,1810.9,5303.1,11215.8,0,0.0598669623059866,-0.0023115024766097,1.0810105812148638,-0.572761832079577,1.653772413294441,0.1481025293249918,0.1062961972640745,0,
2004-07-01,96.7,8236.9,1076.9,1815.1,5345.0,11240.5,0,0.0115062761506277,0.0097209963714817,0.216375185083484,0.5438466328776551,-0.327471447794171,0.047592941053373,-0.2598740811848709,0,
2004-08-01,95.9,8271.6,1079.0,1825.1,5367.5,11274.6,0,-0.0082730093071354,0.0042127499423327,-0.1372564871808192,0.0326847647147728,-0.169941251895592,0.3854532378682259,-0.0155120244095444,0,
2004-09-01,94.2,8341.5,1099.3,1838.7,5403.5,11279.6,0,-0.0177267987486965,0.0084506020600609,-0.3062797502604109,0.4259548250433326,-0.7322345753037435,-0.4098824249978355,-0.1308899478364218,0,
2004-10-01,91.7,8397.1,1098.6,1868.0,5430.4,11282.5,0,-0.0265392781316348,0.0066654678415154,-0.4638371012394377,0.2602954715974828,-0.7241325728369206,-0.5421028000120854,-0.2472549294793561,0,
2004-11-01,92.8,8444.5,1099.9,1880.6,5463.9,11246.1,0,0.0119956379498362,0.0056448059449094,0.225124430943044,0.1655786776881008,0.0595457532549431,-0.4656071316285737,-0.0400769468801738,0,
2004-12-01,97.1,8504.4,1122.6,1883.8,5498.0,11659.0,0,0.0463362068965516,0.0070933743856946,0.839095691384516,0.3000049347333897,0.5390907566511263,-0.0418320209769504,-0.2258572229873929,0,
2005-01-01,95.5,8497.7,1096.4,1886.1,5515.2,11226.5,0,-0.0164778578784757,-0.0007878274775409,-0.2839500736177163,-0.4313657327918724,0.147415659174156,0.2486840563600751,-0.1467093718260051,0,
2005-02-01,94.1,8559.1,1113.2,1897.2,5548.7,11229.0,0,-0.0146596858638744,0.0072254845428763,-0.2514431758654891,0.3122646757629287,-0.5637078516284177,0.0409328547322881,-0.2123371384481427,0,
2005-03-01,92.6,8598.4,1120.2,1892.7,5585.5,11268.8,0,-0.0159404888416577,0.0045916042574569,-0.2743425116297567,0.067842211276286,-0.3421847229060428,-0.2528256384534349,-0.1473288297151926,0,
2005-04-01,87.7,8678.4,1142.8,1922.4,5613.2,11304.2,0,-0.0529157667386608,0.0093040565686639,-0.9354194440131988,0.5051548765698821,-1.440574320583081,-0.7821556317058472,-0.266735787672886,0,
2005-05-01,86.9,8671.6,1116.4,1913.3,5641.9,11352.7,0,-0.0091220068415051,-0.0007835545722713,-0.152435620849147,-0.430969209820689,0.278533588971542,-0.5014084848391941,-0.2302378150534528,0,
2005-06-01,96.0,8753.4,1154.6,1922.7,5676.1,11375.5,0,0.1047180667433831,0.0094330919322846,1.88289855128166,0.5171292786551657,1.3657692726264945,0.0679095136716517,-0.0924580623908915,0,
2005-07-01,96.5,8853.8,1202.2,1947.3,5704.3,11387.1,0,0.0052083333333332,0.0114698288664976,0.1037749571803745,0.7061372087904687,-0.6023622516100942,0.3473135366626473,-0.2174210475215998,0,
2005-08-01,89.1,8850.1,1139.5,1984.4,5726.2,11405.3,0,-0.0766839378238342,-0.0004178996589033,-1.3603679642953084,-0.3970366595936349,-0.9633313047016736,-0.0666414278950911,-0.2840249563671425,0,
2005-09-01,76.9,8900.4,1113.8,2026.4,5760.3,11365.2,0,-0.1369248035914702,0.0056835515982869,-2.4374077868687403,0.1691742504022793,-2.60658203727102,-1.3907585311942623,-0.6614245087613053,1,
2005-10-01,74.2,8938.5,1099.6,2051.7,5787.1,11428.7,0,-0.035110533159948,0.0042807064851018,-0.6170816284767229,0.038991089931431,-0.656072718408154,-1.4086620201269493,-0.5306742417321508,1,
2005-11-01,81.6,8946.2,1116.4,2003.3,5826.5,11500.1,0,0.0997304582210241,0.000861442076411,1.7937256463186426,-0.2783145363455837,2.0720401826642263,-0.3968715243383157,-0.2317564761167033,0,
2005-12-01,91.5,8981.1,1128.2,2004.2,5848.8,11535.2,0,0.1213235294117647,0.0039010976727549,2.179785794487781,0.0037636264934328,2.1760221679943483,1.1973298774168069,-0.0967143268887277,1,
2006-01-01,91.2,9071.6,1167.9,2041.8,5861.9,11651.8,0,-0.0032786885245901,0.0100767166605426,-0.0479635744551635,0.5768572561020644,-0.6248208305572279,1.2077471733671157,-0.1004574233799167,1,
2006-02-01,86.7,9096.0,1143.5,2047.9,5904.6,11702.8,0,-0.0493421052631578,0.0026897129503065,-0.8715263430016748,-0.1086521279132523,-0.7628742150884225,0.2627757074495659,-0.0670479084443748,0,
2006-03-01,88.9,9132.9,1151.0,2038.4,5943.4,11747.5,0,0.0253748558246829,0.0040567282321899,0.4643299978364362,0.0182060463319963,0.4461239515044398,-0.3138570313804035,0.4417364230182016,0,
2006-04-01,87.4,9191.6,1151.0,2072.1,5968.5,11744.4,0,-0.0168728908886389,0.0064273122447415,-0.2910128254184282,0.2381947792398994,-0.5292076046583277,-0.2819859560807701,0.4628806086431726,0,
2006-05-01,79.1,9231.8,1147.2,2076.1,6008.5,11736.8,0,-0.0949656750572083,0.0043735584664257,-1.6872251363372444,0.0476076964770265,-1.734832832814271,-0.6059721619893863,-0.1715982272699102,0,
2006-06-01,84.9,9259.6,1149.5,2082.3,6027.8,11751.9,0,0.0733249051833124,0.0030113304014385,1.3216236637809116,-0.0788062269955936,1.4004298907765051,-0.2878701822320311,-0.3008636068062174,0,
2006-07-01,84.7,9343.8,1168.7,2116.8,6058.3,11746.9,0,-0.0023557126030624,0.0090932653678343,-0.0314617893281678,0.4855935832627879,-0.5170553725909557,-0.2838194382095738,-0.2829026971451721,0,
2006-08-01,82.0,9342.2,1146.0,2123.0,6073.2,11737.0,0,-0.0318772136953955,-0.0001712365418778,-0.559273464897909,-0.3741464746087366,-0.1851269902891723,0.2327491759654591,-0.1866114930119637,0,
2006-09-01,85.4,9375.4,1166.9,2098.9,6109.5,11800.1,0,0.0414634146341463,0.0035537667787028,0.7519755737225008,-0.0284684660532605,0.7804440397757613,0.0260872256318778,-0.1308914783000767,0,
2006-10-01,93.6,9393.6,1168.3,2083.1,6142.2,11853.7,0,0.0960187353629975,0.0019412505066451,1.727364161012792,-0.1781089806290442,1.905473141641836,0.8335967303761418,0.2748886460832838,0,
2006-11-01,92.1,9400.2,1164.4,2072.0,6163.8,11901.9,0,-0.016025641025641,0.0007026060296373,-0.2758649381746021,-0.2930544234303,0.0171894852556978,0.9010355555577652,0.566892365761612,1,
2006-12-01,91.7,9488.3,1175.5,2123.4,6189.3,11958.6,0,-0.0043431053203039,0.0093721410182761,-0.0669941654367371,0.5114730714626196,-0.5784672368993566,0.4480651299993926,0.237076177815635,0,
2007-01-01,96.9,9538.7,1183.5,2116.2,6239.0,11956.6,0,0.0567066521264993,0.0053118050651856,1.024507742624841,0.1346764016245763,0.8898313410002647,0.1095178631188687,0.4715572967475051,0,
2007-02-01,91.3,9566.0,1175.1,2120.9,6269.9,11996.0,0,-0.0577915376676987,0.0028620252235629,-1.0225928169287817,-0.0926616553303551,-0.9299311615984264,-0.2061890191658393,0.3474232681959628,0,
2007-03-01,88.4,9611.7,1178.5,2150.2,6283.1,12035.1,0,-0.0317634173055858,0.0047773363997491,-0.5572389117431971,0.0850780394210806,-0.6423169511642777,-0.2274722572541463,0.1102964363726229,0,
2007-04-01,87.1,9643.6,1181.2,2151.0,6311.3,12052.8,0,-0.0147058823529413,0.0033188717916705,-0.2522691178195779,-0.0502665758397345,-0.2020025419798434,-0.5914168849141824,-0.240949510897657,0,
2007-05-01,88.3,9685.8,1197.7,2170.3,6317.8,12059.9,0,0.0137772675086107,0.0043759591853662,0.2569779901411416,0.0478304817126475,0.2091475084284941,-0.2117239949052089,-0.2089565070355243,0,
2007-06-01,85.3,9706.8,1178.2,2177.0,6351.6,12053.3,0,-0.0339750849377123,0.0021681224059963,-0.5967810744220197,-0.1570554084264022,-0.4397256659956174,-0.1441935665156555,-0.185832911884901,0,
2007-07-01,90.4,9751.1,1180.7,2194.8,6375.7,12066.4,0,0.0597889800703401,0.004563810936663,1.0796163453888294,0.0652630082645431,1.0143533371242863,0.2612583931857211,-0.1650792458642308,0,
2007-08-01,83.4,9798.9,1192.4,2174.6,6432.0,12070.9,0,-0.077433628318584,0.0049020110551629,-1.3737715983095482,0.0966477704767975,-1.4704193687863458,-0.2985972325525589,-0.2551606137288841,0,
2007-09-01,83.4,9845.1,1202.6,2195.1,6447.4,12089.6,0,0.0,0.0047148149282063,0.0106557375650041,0.0792760854589247,-0.0686203478939205,-0.1748954598519932,-0.1595445131838246,0,
2007-10-01,80.9,9882.7,1209.0,2196.9,6476.7,12080.4,0,-0.0299760191846523,0.003819158769337,-0.525282217055841,-0.0038402531595664,-0.5214419638962745,-0.6868272268588469,-0.2127844168365631,0,
2007-11-01,76.1,9955.9,1197.7,2245.0,6513.2,12070.1,0,-0.0593325092707046,0.0074068827344753,-1.0501436789680827,0.3290983159589151,-1.3792419949269978,-0.6564347689057309,-0.4775160007291451,0,
2007-12-01,75.5,9972.8,1180.0,2255.9,6536.9,12120.5,0,-0.0078843626806832,0.0016974859128757,-0.1303079168330347,-0.2007301844451534,0.0704222676121186,-0.6100872304037178,-0.3924913451278558,0,
2008-01-01,78.4,9996.4,1168.4,2252.6,6575.4,12137.1,1,0.0384105960264902,0.0023664367078453,0.6973945651390331,-0.1386519636422206,0.8360465287812537,-0.157591066177875,-0.4222091465183611,0,
2008-02-01,70.8,9981.7,1148.4,2238.4,6594.9,12141.8,1,-0.0969387755102041,-0.0014705293905804,-1.72250198262314,-0.4947200488625831,-1.2277819337605569,-0.1071043791223947,-0.381769574014063,0,
2008-03-01,69.5,10035.3,1143.7,2267.6,6623.9,12145.9,1,-0.0183615819209038,0.0053698267830126,-0.3176289688756269,0.1400607812197795,-0.4576897500954064,-0.2831417183582365,-0.4466144743809773,0,
2008-04-01,62.6,10070.3,1139.1,2276.2,6655.0,12100.8,1,-0.0992805755395683,0.0034876884597372,-1.764370768139233,-0.0346004932604685,-1.729770274878765,-1.1384139862449094,-0.6480025262113923,1,2008 Financial Crisis
2008-05-01,59.8,10132.3,1143.7,2300.6,6687.9,12696.2,1,-0.0447284345047923,0.0061567182705579,-0.7890390302500737,0.2130838254842078,-1.0021228557342816,-1.0631942935694845,-0.5851493363459396,1,2008 Financial Crisis
2008-06-01,56.4,10187.1,1130.4,2340.6,6716.1,12376.6,1,-0.0568561872909698,0.0054084462560328,-1.0058697902763776,0.1436446444746992,-1.1495144347510768,-1.293802521788041,-0.7884721200731389,1,2008 Financial Crisis
2008-07-01,61.2,10185.1,1100.0,2356.3,6728.9,12188.7,1,0.0851063829787235,-0.0001963267269389,1.5322634112800169,-0.3764748282932192,1.908738239573236,-0.0809663503040407,-0.6096901682744752,1,2008 Financial Crisis
2008-08-01,63.0,10175.7,1114.3,2336.8,6724.6,12120.6,1,0.0294117647058822,-0.0009229168098496,0.5365054483341603,-0.4439019394340461,0.9804073877682064,0.5798770641967885,-0.2416586146863479,0,
2008-09-01,70.3,10116.4,1073.2,2303.1,6740.1,12149.0,1,0.1158730158730159,-0.0058276089114263,2.08233666157937,-0.8990543385965879,2.9813910001759583,1.9568455425058005,0.3315215103588795,1,2008 Financial Crisis
2008-10-01,57.6,10034.1,1026.6,2262.9,6744.6,12240.5,1,-0.1806543385490753,-0.0081353050492268,-3.2192433393926394,-1.113207115550808,-2.106036223841832,0.618587388034111,0.268810518865035,0,
2008-11-01,55.3,9885.2,1002.4,2153.0,6729.8,12345.9,1,-0.0399305555555555,-0.0148393976539997,-0.7032582794861796,-1.735342770567636,1.0320844910814562,0.6358130891385275,0.607845076667658,1,2008 Financial Crisis
2008-12-01,60.1,9801.5,995.0,2085.3,6721.2,12288.8,1,0.0867992766726943,-0.0084672034961357,1.5625304716974922,-1.1440070865296834,2.706537558227176,0.5441952751556,1.2505204088307,1,2008 Financial Crisis
2009-01-01,61.2,9847.2,1023.0,2110.3,6714.0,12361.5,1,0.0183028286189683,0.0046625516502576,0.3378900001734316,0.074426085529508,0.2634639146439236,1.3340286546508515,0.9763080213424814,1,2008 Financial Crisis
2009-02-01,56.3,9824.5,1006.2,2130.2,6688.1,12241.9,1,-0.0800653594771242,-0.0023052238199692,-1.420824030639927,-0.5721791766194069,-0.84864485402052,0.707118872950193,0.6714659810443603,1,2008 Financial Crisis
2009-03-01,57.3,9773.2,984.2,2106.2,6682.8,12242.7,1,0.0177619893428064,-0.0052216397781056,0.3282203941573924,-0.8428207771135561,1.1710411712709483,0.195286743964784,0.3697410095601919,0,
2009-04-01,65.1,9772.5,978.8,2119.6,6674.1,12320.0,1,0.1361256544502618,-7.162444235264687e-05,2.44443136227671,-0.3649025332673504,2.8093338955440608,1.0439100709314963,1.188969362791174,1,
2009-05-01,68.7,9791.6,998.9,2131.7,6661.0,12500.1,1,0.0552995391705071,0.0019544640573037,0.9993501246332864,-0.176882771285189,1.1762328959184756,1.7188693209111616,1.2129940969306772,1,
2009-06-01,70.8,9852.4,1006.4,2168.1,6678.0,12273.2,1,0.0305676855895196,0.0062094039789206,0.5571720308534733,0.2179730266952587,0.3391990041582146,1.4415885985402503,0.818437671252517,1,
2009-07-01,66.0,9886.3,1020.8,2175.0,6690.4,12218.7,0,-0.0677966101694914,0.0034407860013803,-1.2014724092927147,-0.0389530124412164,-1.1625193968514982,0.117637501075064,0.5807737860032801,1,
2009-08-01,65.7,10004.1,1089.1,2197.9,6717.2,12194.8,0,-0.0045454545454545,0.0119154789961868,-0.0706119450084107,0.7474932657078732,-0.818105210716284,-0.5471418678031892,0.5858637265539862,1,
2009-09-01,73.5,9927.8,995.4,2207.2,6725.2,12230.6,0,0.1187214611872145,-0.0076268729820774,2.1332637024962158,-1.0660249335949097,3.199288636091125,0.4062213428411143,0.9239049706906822,1,
2009-10-01,70.6,9976.7,1003.6,2218.8,6754.3,12193.2,0,-0.0394557823129252,0.0049255625616955,-0.6947698608273641,0.0988333357437255,-0.7936031965710897,0.5291934096012504,0.3234154553381571,0,
2009-11-01,67.4,9985.7,1017.4,2219.7,6748.6,12224.4,0,-0.0453257790368269,0.0009021018974209,-0.7997188875296721,-0.2745413300568112,-0.525177557472861,0.6268359606823913,0.039847046439601,0,
2009-12-01,72.5,10052.6,1021.6,2230.2,6800.8,12280.2,0,0.07566765578635,0.0066995803999718,1.363509444499305,0.263461095963184,1.100048348536121,-0.0729108018359432,0.1666552705025854,0,
2010-01-01,74.4,10056.1,1006.1,2241.5,6808.5,12285.8,0,0.0262068965517241,0.0003481686329904,0.4792059626089713,-0.3259459950306639,0.8051519576396353,0.4600075829009651,0.4946004962511076,0,
2010-02-01,73.6,10093.4,1005.2,2246.6,6841.7,12292.0,0,-0.0107526881720431,0.0037091914360436,-0.1815903932538296,-0.0140451538019329,-0.1675452394518966,0.5792183555746199,0.6030271581285055,1,
2010-03-01,73.6,10156.0,1052.0,2247.2,6856.9,12340.3,0,0.0,0.0062020726415281,0.0106557375650041,0.2172926831111641,-0.20663694554616,0.1436565908805262,0.0353728945222914,0,
2010-04-01,72.2,10182.3,1046.0,2257.0,6879.3,12447.1,0,-0.0190217391304347,0.0025896022055926,-0.3294318471172216,-0.1179423432203054,-0.2114895038969161,-0.1952238962983243,0.1323918433013203,0,
2010-05-01,73.6,10210.8,1041.7,2241.3,6927.9,12540.3,0,0.0193905817174513,0.0027989746913761,0.3573378183490994,-0.0985127057936602,0.4558505241427596,0.0125746915665611,0.2958965235705904,0,
2010-06-01,76.0,10231.3,1044.1,2243.7,6943.5,12544.3,0,0.032608695652174,0.0020076781447095,0.5936630255916819,-0.1719445368251201,0.7656075624168022,0.3366561942208819,0.2401563925507039,0,
2010-07-01,67.8,10268.1,1047.5,2246.2,6974.5,12554.2,0,-0.1078947368421052,0.0035968058799957,-1.918382411940802,-0.0244744640230495,-1.8939079479177523,-0.2241499537860634,-0.2096869250421939,0,
2010-08-01,68.9,10307.1,1053.7,2262.2,6991.2,12591.4,0,0.0162241887905605,0.0037981710345633,0.3007262269863402,-0.0057879019899888,0.306514128976329,-0.2739287521748736,-0.1306770303041563,0,
2010-09-01,68.2,10327.1,1056.1,2279.7,6991.3,12589.9,0,-0.0101596516690857,0.0019404100086348,-0.170987558752936,-0.178186978325527,0.0071994195725909,-0.5267314664562774,-0.0950376361176978,0,
2010-10-01,67.7,10386.4,1079.2,2297.9,7009.3,12592.5,0,-0.0073313782991202,0.0057421735046623,-0.120421169811472,0.1746143271242551,-0.2950354969357271,0.0062260172043976,-0.108961968290833,0,
2010-11-01,71.6,10433.6,1077.5,2323.4,7032.7,12605.1,0,0.0576070901033971,0.0045444042209044,1.0406065743152275,0.0634620770226897,0.9771444972925378,0.2297694733098005,-0.0220796394325366,0,
2010-12-01,74.5,10471.0,1078.7,2339.8,7052.5,12680.6,0,0.0405027932960895,0.0035845729182639,0.7348007303281209,-0.0256096753198617,0.7604104056479827,0.4808398020015978,-0.0229458322273399,0,
2011-01-01,74.2,10514.3,1085.0,2365.4,7063.8,12740.1,0,-0.0040268456375838,0.0041352306369972,-0.0613397933054027,0.025491021035424,-0.0868308143408268,0.5502413628665646,0.278233690035481,0,
2011-02-01,77.5,10540.6,1083.8,2373.5,7083.4,12776.6,0,0.0444743935309972,0.0025013552970716,0.8058085347118971,-0.1261316018526917,0.9319401365645889,0.535173242623915,0.3824713579668575,0,
2011-03-01,67.5,10619.7,1095.0,2404.4,7120.3,12742.7,0,-0.1290322580645161,0.0075043166423163,-2.2962978322609797,0.3381401224566889,-2.634437954717668,-0.5964428774979686,-0.0578015377481855,0,
2011-04-01,69.8,10652.1,1090.9,2430.4,7130.8,12721.3,0,0.0340740740740739,0.0030509336421933,0.6198623654486779,-0.0751310707022217,0.6949934361508996,-0.3358347940007264,0.1072032844329189,0,
2011-05-01,74.3,10672.2,1081.2,2425.1,7165.9,12705.3,0,0.0644699140401146,0.0018869518686457,1.1633062497094335,-0.1831478607146583,1.346454110424092,-0.1976634693808921,0.1687548866215112,0,
2011-06-01,71.5,10694.8,1076.6,2439.2,7179.0,12756.9,0,-0.0376850605652758,0.0021176514683007,-0.6631113211863257,-0.1617390802868145,-0.501372240899511,0.5133584352251602,-0.0415422211364043,0,
2011-07-01,63.7,10731.6,1085.7,2430.5,7215.4,12805.6,0,-0.109090909090909,0.0034409245614692,-1.9397686441969624,-0.0389401541504998,-1.9008284900464625,-0.3519155401739605,-0.3438751670873436,0,
2011-08-01,55.8,10750.3,1085.2,2433.8,7231.2,12799.7,0,-0.1240188383045526,0.0017425174251741,-2.2066634510157788,-0.1965512879036263,-2.010112163112153,-1.470770964686042,-0.8342172170334671,1,US Credit Rating Downgrade
2011-09-01,59.5,10783.2,1101.3,2446.7,7235.2,12781.7,0,0.0663082437275985,0.0030603797103339,1.196173544281135,-0.0742544814102145,1.2704280256913494,-0.8801708758224218,-0.1834062202986309,0,
2011-10-01,60.8,10802.9,1114.4,2446.9,7241.6,12791.9,0,0.0218487394957982,0.001826915943319,0.4012869512792344,-0.1887191575223804,0.5900061088016149,-0.0498926762063961,-0.2009041081901783,0,
2011-11-01,63.7,10806.8,1107.9,2454.7,7244.2,12782.7,0,0.0476973684210526,0.0003610141721204,0.8634317487794615,-0.3247539369294731,1.1881856857089346,1.0162066067339663,-0.2272821789760379,1,US Credit Rating Downgrade
2011-12-01,69.9,10817.8,1114.9,2444.8,7258.1,12898.5,0,0.097331240188383,0.0010178776326017,1.7508302906284028,-0.2637974133050482,2.014627703933451,1.2642731661480002,0.1920511451627891,1,US Credit Rating Downgrade
2012-01-01,75.0,10896.8,1130.4,2470.0,7296.4,12967.5,0,0.0729613733905578,0.0073027787535357,1.3151241187863476,0.3194375307953038,0.9956865879910438,1.3994999925444764,0.6748036581690401,1,US Credit Rating Downgrade
2012-02-01,75.3,10987.2,1145.9,2501.3,7340.0,13029.6,0,0.004,0.008296013508553,0.0821712982296097,0.4116091028971263,-0.3294378046675166,0.8936254957523261,0.9549160512431462,1,US Credit Rating Downgrade
2012-03-01,76.2,10993.9,1138.0,2500.5,7355.4,13066.4,0,0.0119521912350597,0.0006098004951216,0.2243476519014745,-0.3016667197407702,0.5260143716422447,0.3974210516552572,0.8308471089016288,1,
2012-04-01,76.4,11018.5,1137.4,2500.7,7380.5,13116.5,0,0.0026246719160105,0.0022376044897625,0.0575819584735391,-0.1506075139469926,0.2081894724205318,0.1349220131317533,0.7672110028381148,1,
2012-05-01,79.3,11006.8,1133.4,2486.6,7386.8,13112.5,0,0.0379581151832459,-0.0010618505241185,0.689304709840382,-0.4567949023488259,1.146099612189208,0.6267678187506615,0.7601966572514938,1,
2012-06-01,73.2,10989.8,1129.9,2461.2,7398.8,13097.2,0,-0.0769230769230768,-0.0015444997637823,-1.3646435059851003,-0.5015844538308313,-0.8630590521542693,0.1637433441518234,0.2805821979035404,0,
2012-07-01,72.3,11016.8,1134.7,2460.3,7421.8,12999.8,0,-0.0122950819672131,0.0024568236000654,-0.2091666825106287,-0.1302641158436527,-0.078902566666976,0.0680459977893209,0.1014840054605371,0,
2012-08-01,74.3,11056.0,1138.4,2498.5,7419.1,12961.6,0,0.0276625172890732,0.003558202018735,0.5052308458956074,-0.0280568785163309,0.5332877244119384,-0.1362246314697689,0.2452715936404463,0,
2012-09-01,78.3,11105.3,1151.9,2511.6,7441.8,13053.1,0,0.053835800807537,0.0044591172214181,0.973180107209762,0.0555474961214583,0.9176326110883036,0.4573392562777553,0.3105413002147894,0,
2012-10-01,82.6,11137.4,1141.2,2524.4,7471.9,13142.0,0,0.0549169859514686,0.0028905117376387,0.9925104976473902,-0.0900181244099892,1.082528622057379,0.8444829858525406,0.4562644918209306,0,
2012-11-01,82.7,11178.4,1169.4,2509.9,7499.1,13315.7,0,0.0012106537530267,0.0036812900676999,0.0323008830446084,-0.0166343835595949,0.0489352666042034,0.6830321665832955,0.2734037675567632,0,
2012-12-01,72.9,11181.2,1180.1,2497.2,7503.9,13642.7,0,-0.1185006045949214,0.0002504830745009,-2.1080035566101283,-0.3350111545532683,-1.77299240205686,-0.2138428377984258,0.1217482092396647,0,
2013-01-01,73.8,11252.4,1193.1,2543.4,7515.8,12845.5,0,0.0123456790123455,0.0063678317175257,0.2313827766532896,0.2326750230339932,-0.0012922463807035,-0.5751164606111201,0.1346832626207102,0,
2013-02-01,77.6,11290.5,1194.2,2561.7,7534.6,12813.9,0,0.051490514905149,0.003385944331876,0.9312489981527432,-0.0440422855152476,0.9752912836679908,-0.2663311215898576,0.2083505224967189,0,
2013-03-01,78.6,11290.1,1181.9,2535.8,7572.4,12852.1,0,0.0128865979381442,-3.5428014702576505e-05,0.2410538067164385,-0.361543527126935,0.6025973338433736,0.5255321237102203,0.1558446429558972,0,
2013-04-01,76.4,11281.1,1184.1,2512.2,7584.8,12893.4,0,-0.0279898218829515,-0.0007971585725546,-0.4897712136504262,-0.4322316526486904,-0.0575395610017358,0.5067830188365428,-0.0341667208872885,0,
2013-05-01,84.5,11321.6,1189.3,2526.9,7605.4,12954.2,0,0.1060209424083769,0.0035900754359061,1.906192522196235,-0.0250990450795913,1.9312915672758264,0.8254497800391546,0.2795593292246486,0,
2013-06-01,84.1,11344.4,1189.5,2529.7,7625.3,12955.7,0,-0.0047337278106509,0.0020138496325607,-0.0739780620380805,-0.1713718265624362,0.0973937645243557,0.6570485902661486,0.5912903569881846,1,
2013-07-01,85.1,11372.6,1193.6,2549.3,7629.7,12941.8,0,0.0118906064209274,0.0024858079757414,0.2232465837736999,-0.1275743836741412,0.3508209674478411,0.7931687664160076,0.6499758926262753,1,
2013-08-01,82.1,11406.6,1190.8,2550.2,7665.5,12969.6,0,-0.035252643948296,0.0029896417705714,-0.6196224116530223,-0.0808189185507909,-0.5388034931022314,-0.0301962537100115,0.3976267631645716,0,
2013-09-01,77.5,11445.9,1191.4,2560.5,7694.0,13027.5,0,-0.0560292326431181,0.0034453737309978,-0.9910847589550476,-0.0385272739648994,-0.952557484990148,-0.3801800035481795,0.1384342933589847,0,
2013-10-01,73.2,11498.0,1194.6,2566.0,7737.4,12974.6,0,-0.0554838709677418,0.0045518482600757,-0.9813342974601678,0.0641528792622815,-1.0454871767224494,-0.845616051604943,-0.0262236425944675,0,
2013-11-01,75.1,11562.5,1205.3,2577.9,7779.3,12998.9,0,0.0259562841530054,0.0056096712471733,0.4747252910580037,0.1623181994282548,0.3124070916297489,-0.5618791900276162,-0.2960377218688138,0,
2013-12-01,82.5,11593.2,1193.7,2591.3,7808.2,13019.1,0,0.0985352862849535,0.0026551351351351,1.7723572985439708,-0.1118609278148775,1.8842182263588485,0.3837127137553827,0.0017663551036016,0,
2014-01-01,81.2,11578.8,1177.5,2589.4,7811.9,13079.5,0,-0.0157575757575757,-0.0012421074422939,-0.2710722286895022,-0.4735226330756512,0.202450404386149,0.7996919074582488,-0.022962072073347,0,
2014-02-01,81.6,11636.9,1208.9,2610.8,7817.2,13148.0,0,0.0049261083743841,0.0050177911355235,0.0987290881371763,0.1073920904585609,-0.0086630023213846,0.692668542807871,0.0653946763901273,0,
2014-03-01,80.0,11722.3,1236.3,2608.1,7877.9,13219.9,0,-0.0196078431372548,0.0073387242306799,-0.3399107362810999,0.3227732488836906,-0.6626839851647905,-0.156298861033342,0.1137069263610203,0,
2014-04-01,84.1,11762.3,1234.7,2639.0,7888.6,13270.2,0,0.05125,0.0034122996340308,0.9269488585802624,-0.0415965297454621,0.9685453883257246,0.0990661336131831,0.449379020535716,0,
2014-05-01,81.9,11807.3,1243.5,2636.3,7927.5,13312.9,0,-0.0261593341260403,0.0038257823724952,-0.4570441240941262,-0.0032255868755046,-0.4538185372186216,-0.0493190446858958,0.3216747490609875,0,
2014-06-01,82.5,11861.7,1254.5,2649.5,7957.7,13360.4,0,0.0073260073260073,0.0046073192008335,0.1416366179031089,0.0693005483201676,0.0723360695829413,0.1956876402300148,0.0196943895983363,0,
2014-07-01,81.8,11904.4,1253.8,2660.5,7990.1,13386.8,0,-0.0084848484848485,0.0035998212735104,-0.1410439365720388,-0.0241946373664128,-0.1168492992056259,-0.166110588947102,-0.0335222276669594,0,
2014-08-01,82.5,11983.7,1264.0,2670.1,8049.5,13445.9,0,0.008557457212714,0.0066614025066362,0.1636535751726586,0.2599182110303898,-0.0962646358577312,-0.0469259551601385,-0.0481224999230172,0,
2014-09-01,84.6,11991.4,1266.0,2651.3,8074.1,13486.3,0,0.0254545454545453,0.0006425394494187,0.465754759976129,-0.2986285649930713,0.7643833249692003,0.1837564633019477,0.1897220517659812,0,
2014-10-01,86.9,12064.7,1269.8,2666.2,8128.7,13550.7,0,0.0271867612293146,0.0061127141117802,0.4967248555573028,0.209000266715175,0.2877245888421278,0.3186144259845323,0.0762519185187151,0,
2014-11-01,88.8,12083.9,1279.0,2655.8,8149.1,13624.4,0,0.0218642117376293,0.0015914195960113,0.4015635777915562,-0.2105730731711634,0.6121366509627196,0.5547481882580159,0.2539111165489386,0,
2014-12-01,93.6,12096.1,1279.2,2634.7,8182.2,13719.1,0,0.0540540540540539,0.0010096078252883,0.977082233032644,-0.2645648463184458,1.24164707935109,0.7138361063853126,0.44879628484363,0,
2015-01-01,98.1,12066.7,1280.2,2587.0,8199.5,13797.7,0,0.0480769230769231,-0.002430535461843,0.8702177647838211,-0.5838080196253765,1.4540257844091975,1.1026031715743358,0.7106087987794342,1,
2015-02-01,95.4,12116.6,1283.8,2604.6,8228.3,13848.0,0,-0.0275229357798163,0.0041353476924097,-0.4814238082923702,0.0255018837054386,-0.5069256919978089,0.7295823905874931,0.6421652894227544,1,
2015-03-01,93.0,12176.1,1309.2,2625.7,8241.2,13811.3,0,-0.0251572327044026,0.0049106184903355,-0.4391276628413216,0.0974465351471,-0.5365741979884217,0.1368419648076558,0.4253390355964841,0,
2015-04-01,95.9,12209.1,1315.9,2617.4,8275.8,13842.0,0,0.0311827956989247,0.0027102274127184,0.5681695169396179,-0.1067483984658297,0.6749179154054477,-0.1228606581935942,0.4898712566903707,0,
2015-05-01,90.7,12275.4,1319.6,2649.4,8306.5,13865.6,0,-0.0542231491136601,0.0054303757033686,-0.9587939899009732,0.1456796836495323,-1.1044736735505054,-0.3220433187111597,0.2037695359381666,0,
2015-06-01,96.1,12307.9,1317.8,2656.7,8333.4,13874.1,0,0.0595369349503858,0.002647571565896,1.075110058372251,-0.1125628223709745,1.1876728807432255,0.2527057075327227,0.1947738361701891,0,
2015-07-01,93.1,12364.9,1324.7,2676.5,8363.7,13905.7,0,-0.0312174817898023,0.0046311718489751,-0.5474781906187023,0.0715140593425023,-0.6189922499612046,-0.178597680922828,-0.1507291695582112,0,
2015-08-01,91.9,12396.2,1330.9,2672.5,8392.8,13935.8,0,-0.0128893662728247,0.0025313589272861,-0.2197918263381259,-0.1233472834912298,-0.0964445428468961,0.1574120293117083,-0.0823156446997257,0,
2015-09-01,87.2,12386.4,1325.1,2651.1,8410.2,13972.2,0,-0.0511425462459195,-0.0007905648505187,-0.9037162295831082,-0.431619759314326,-0.4720964702687821,-0.3958444210256275,-0.0715693567464525,0,
2015-10-01,90.0,12394.9,1317.5,2637.2,8440.2,13996.9,0,0.0321100917431191,0.0006862365174706,0.5847485410652761,-0.2945735040538074,0.8793220451190835,0.1035936773344684,-0.0375020017941798,0,
2015-11-01,91.3,12423.2,1332.1,2649.4,8441.7,13993.4,0,0.0144444444444444,0.0022831971213967,0.2689063732983024,-0.146376545877497,0.4152829191757994,0.2741694980087003,0.2157907636602043,0,
2015-12-01,92.6,12452.0,1332.8,2644.6,8474.6,14060.2,0,0.0142387732749178,0.0023182432867536,0.2652292010479918,-0.1431242833677866,0.4083534844157784,0.5676528162368872,0.0859041976056297,0,
2016-01-01,92.0,12478.0,1329.7,2630.2,8518.0,14121.1,0,-0.0064794816414686,0.002088017989078,-0.1051902030364073,-0.1644890488647412,0.0592988458283339,0.2943117498066374,0.1989527135705528,0,
2016-02-01,91.7,12554.5,1353.1,2631.0,8570.5,14135.3,0,-0.0032608695652173,0.0061307901907357,-0.047644991237662,0.2106777156831482,-0.2583227069208103,0.0697765411077674,0.1719730195582338,0,
2016-03-01,91.0,12537.0,1333.2,2637.4,8566.4,14135.4,0,-0.0076335877862595,-0.0013939224979091,-0.125824340039205,-0.4876109765152031,0.361786636475998,0.0542542584611739,0.3109535373490306,0,
2016-04-01,89.0,12611.5,1339.2,2660.0,8612.3,14106.2,0,-0.021978021978022,0.0059424104650236,-0.3822869034493124,0.1931961934314527,-0.5754830968807652,-0.157339722441859,0.0684860136823891,0,
2016-05-01,94.7,12652.7,1340.2,2672.3,8640.2,14095.5,0,0.0640449438202248,0.0032668596122586,1.1557082538241394,-0.0550932739799445,1.210801527804084,0.3323683557997723,0.2010724484537699,0,
2016-06-01,93.5,12731.2,1358.2,2701.5,8671.5,14104.9,0,-0.0126715945089757,0.0062042093782355,-0.2158983088909793,0.2174909709585124,-0.4333892798494917,0.0673097170246091,0.0607819877428915,0,
2016-07-01,90.0,12756.7,1365.6,2676.4,8714.7,14160.1,0,-0.0374331550802139,0.0020029533743872,-0.6586075306866522,-0.1723829925942404,-0.4862245380924118,0.0970625699540602,-0.0301385762438994,0,
2016-08-01,89.8,12788.1,1363.4,2682.2,8742.5,14176.7,0,-0.0022222222222222,0.0024614516293397,-0.029075129470888,-0.1298346375840704,0.1007595081131823,-0.2729514366095737,0.0297084595950993,0,
2016-09-01,91.2,12846.6,1369.9,2694.8,8781.9,14209.1,0,0.0155902004454344,0.0045745654162854,0.2893912189972111,0.0662610173343287,0.2231302016628824,-0.0541116094387823,0.0065990537929133,0,
2016-10-01,87.2,12867.0,1375.5,2701.5,8790.1,14235.4,0,-0.043859649122807,0.0015879688010835,-0.7735061118276004,-0.2108933048101492,-0.5626128070174512,-0.0795743657471287,0.0087441021034657,0,
2016-11-01,93.8,12893.0,1357.7,2700.7,8834.7,14273.6,0,0.0756880733944953,0.0020206730395586,1.3638744886727905,-0.1707386186053976,1.534613107278188,0.3983768339745397,0.062712698682483,0,
2016-12-01,98.2,13005.9,1392.1,2730.6,8883.2,14313.7,0,0.046908315565032,0.0087566896765687,0.8493243594313812,0.4543595668950504,0.3949647925363307,0.4556550309323559,0.2007717107467868,0,
2017-01-01,98.5,13063.7,1384.9,2751.5,8927.3,14373.7,0,0.0030549898167004,0.0044441368917185,0.0652755649565031,0.0541573307732957,0.0111182341832073,0.6468987113325755,0.2836621727927233,0,
2017-02-01,96.3,13088.4,1390.3,2757.7,8940.4,14416.8,0,-0.0223350253807106,0.0018907353965567,-0.3886697280749246,-0.1827967516602441,-0.2058729764146805,0.0667366834349525,0.2325567587047462,0,
2017-03-01,96.9,13139.9,1380.1,2770.2,8989.7,14476.3,0,0.0062305295950155,0.0039347819443171,0.1220506918712432,0.0068895060997536,0.1151611857714895,-0.0265311854866611,0.2145619227228473,0,
2017-04-01,97.0,13169.2,1390.8,2778.6,8999.7,14509.3,0,0.0010319917440659,0.0022298495422341,0.0291066046095348,-0.1513271682901833,0.1804337728997181,0.0299073274188424,0.338403019375709,0,
2017-05-01,97.1,13171.9,1388.8,2755.8,9027.2,14610.7,0,0.0010309278350515,0.0002050238435136,0.0290875830971188,-0.3392297431250785,0.3683173262221973,0.2213040949644684,0.1440203891997105,0,
2017-06-01,95.0,13225.2,1403.5,2771.4,9050.2,14618.7,0,-0.0216271884654993,0.0040464929129435,-0.3760143896123151,0.017256215024607,-0.3932706046369221,0.0518268314949978,0.0126478230041683,0,
2017-07-01,93.4,13263.3,1412.6,2763.0,9087.6,14660.2,0,-0.0168421052631578,0.0028808638054622,-0.2904624126017556,-0.0909134465599121,-0.1995489660418435,-0.0748340814855226,-0.0224633770333401,0,
2017-08-01,96.8,13294.6,1403.5,2788.8,9102.4,14678.3,0,0.0364025695931475,0.0023598953503276,0.6614932810865715,-0.1392589975816157,0.8007522786681872,0.0693109026631405,0.1453074988138044,0,
2017-09-01,95.1,13417.3,1437.3,2842.9,9137.1,14706.0,0,-0.0175619834710744,0.0092293111488874,-0.303333036014101,0.4982185477579798,-0.8015515837720808,-0.0667827570485789,-0.0074779627767905,0,
2017-10-01,100.7,13447.5,1447.1,2825.8,9174.6,14748.6,0,0.0588853838065195,0.0022508254268742,1.0634610470334356,-0.1493806191448379,1.2128416661782735,0.4040141203581266,0.1645900194363019,0,
2017-11-01,98.5,13540.6,1467.0,2856.9,9216.7,14771.1,0,-0.0218470705064548,0.0069232199293549,-0.3799456364720671,0.2842147062282554,-0.6641603427003225,-0.0842900867647099,-0.0074895920507846,0,
2017-12-01,95.9,13666.1,1485.0,2893.0,9288.0,14797.9,0,-0.0263959390862943,0.0092684223741932,-0.4612743581912744,0.5018480453214209,-0.9631224035126952,-0.138147026678248,-0.1024648918634135,0,
2018-01-01,95.7,13703.3,1478.2,2906.9,9318.2,14886.6,0,-0.0020855057351407,0.002722064085584,-0.0266307904144564,-0.1056499625311528,0.0790191721166963,-0.5160878580321071,-0.0560368688369902,0,
2018-02-01,99.7,13738.7,1490.7,2906.9,9341.2,14921.1,0,0.0417972831765935,0.0025833193464348,0.7579447727228475,-0.1185253886714898,0.8764701613943374,-0.0025443566672204,-0.0434172217159651,0,
2018-03-01,101.4,13793.2,1481.1,2900.0,9412.1,14974.8,0,0.0170511534603812,0.0039668964312489,0.3155114374893518,0.0098697106614546,0.3056417268278971,0.420377020112977,0.1411149967173644,0,
2018-04-01,98.8,13838.4,1478.4,2909.1,9451.0,15007.2,0,-0.0256410256410257,0.0032769770611604,-0.4477773436183667,-0.0541543809677675,-0.3936229626505992,0.2628296418572118,-0.1266291080874476,0,
2018-05-01,98.0,13905.0,1498.8,2939.3,9466.9,15057.8,0,-0.0080971659919028,0.0048126951092613,-0.1341126038613221,0.0883593058354496,-0.2224719096967717,-0.1034843818398245,-0.0530143692535225,0,
2018-06-01,98.2,13930.4,1487.2,2916.9,9526.3,15119.3,0,0.0020408163265306,0.001826681049982,0.0471432685163339,-0.1887409554790452,0.2358842239953791,-0.1267368827839972,0.1468200686644899,0,
2018-07-01,97.9,13974.8,1492.6,2926.3,9555.9,15184.7,0,-0.0030549898167006,0.0031872738758398,-0.0439640898264968,-0.0624787811881379,0.018514691361641,0.0106423352200828,0.1367359885386473,0,
2018-08-01,96.2,14014.0,1497.0,2929.1,9587.9,15238.6,0,-0.017364657814096,0.0028050490883591,-0.2998050722660207,-0.0979490055036103,-0.2018560667624104,0.0175142828648699,-0.0429850494874773,0,
2018-09-01,100.1,14017.8,1485.2,2937.1,9595.5,15237.5,0,0.0405405405405403,0.0002711574140144,0.7354756091657321,-0.3330925886095198,1.068568197775252,0.2950756074581609,0.0841693623370818,0,
2018-10-01,98.6,14083.1,1483.9,2958.0,9641.1,15274.1,0,-0.014985014985015,0.0046583629385497,-0.2572596994902121,0.0740373756688723,-0.3312970751590844,0.1784716852845857,0.0945570102523342,0,
2018-11-01,97.5,14162.9,1519.6,2976.3,9667.1,15315.2,0,-0.011156186612576,0.0056663660699702,-0.1888044975543305,0.1675794439838129,-0.3563839415381434,0.1269623936926747,0.0722383382787723,0,
2018-12-01,98.3,14051.6,1473.3,2898.7,9679.7,15506.5,0,0.008205128205128,-0.0078585600406695,0.1573543235436799,-1.0875253496025146,1.2448796731461944,0.1857328854829888,0.2404042464705748,0,
2019-01-01,91.2,14084.6,1469.9,2929.4,9685.3,15536.3,0,-0.0722278738555441,0.0023484870050385,-1.2806984860329067,-0.1403176849816156,-1.140380801051291,-0.0839616898144133,0.0472549977350862,0,
2019-02-01,93.8,14117.4,1472.8,2936.4,9708.2,15560.4,0,0.0285087719298244,0.0023287846300212,0.5203609396701954,-0.1421460532201476,0.662506992890343,0.2556686216617488,0.1913155076772117,0,
2019-03-01,98.4,14248.6,1505.1,2976.6,9766.9,15566.5,0,0.0490405117270789,0.0092934959695127,0.8874456604253063,0.5041748594881367,0.3832708009371696,-0.0315343357412594,0.0770992748708647,0,
2019-04-01,97.2,14290.0,1496.6,3002.2,9791.2,15534.2,0,-0.0121951219512195,0.0029055486153024,-0.2073795083636713,-0.0886227114456685,-0.1187567969180028,0.3090069989698367,0.1125226545777116,0,
2019-05-01,100.0,14353.3,1525.5,3011.3,9816.5,15532.4,0,0.0288065843621398,0.0044296710986704,0.5256854954376771,0.052814914108749,0.472870581328928,0.2457948617826983,0.2507317417222235,0,
2019-06-01,98.2,14408.7,1531.5,3016.9,9860.2,15562.1,0,-0.018,0.0038597395720845,-0.3111642854257209,-7.437971676145321e-05,-0.3110899057089594,0.0143412929006553,-0.0085965214203021,0,
2019-07-01,98.4,14496.0,1538.1,3036.2,9921.7,15581.4,0,0.0020366598778003,0.0060588394511649,0.0470689558260034,0.2040007314690661,-0.1569317756430626,0.001616299992302,0.1553116494810693,0,
2019-08-01,89.8,14558.2,1541.0,3040.4,9976.8,15664.3,0,-0.0873983739837399,0.0042908388520972,-1.551930191590504,0.0399313673334891,-1.591861558923993,-0.6866277467586718,-0.2204164424879867,0,
2019-09-01,93.2,14590.6,1553.5,3019.3,10017.8,15697.5,0,0.0378619153674832,0.0022255498619334,0.6875847639003567,-0.1517261759677217,0.8393109398680785,-0.3031607982329924,-0.1444097526661685,0,
2019-10-01,95.5,14617.4,1531.8,3034.0,10051.6,15718.1,0,0.0246781115879828,0.001836799034995,0.4518729841545766,-0.1878020127160839,0.6396749968706605,-0.0376252073950846,-0.0180044537013913,0,
2019-11-01,96.8,14711.0,1557.4,3046.0,10107.6,15766.9,0,0.013612565445026,0.0064033275411496,0.2540333000361731,0.2359690135532951,0.018064286482878,0.4990167410738724,-0.0938055028423996,0,
2019-12-01,99.3,14774.8,1560.4,3061.4,10153.0,15683.8,0,0.0258264462809918,0.0043368907620147,0.4724039340048659,0.0442049561441331,0.4281989778607327,0.3619794204047572,0.0294093110858823,0,
2020-01-01,99.8,14868.3,1551.3,3059.1,10257.9,15842.8,0,0.0050352467270895,0.0063283428540488,0.1006803607581113,0.229010480881398,-0.1283301201232867,0.105977714740108,0.0341762536725116,0,
2020-02-01,101.0,14828.1,1551.9,3054.1,10222.2,15900.3,0,0.0120240480961923,-0.0027037388269001,0.2256323728293495,-0.6091611232432457,0.8347934960725951,0.3782207846033471,0.4386187628386097,0,
2020-03-01,89.1,13812.8,1350.9,3128.7,9333.2,15702.3,1,-0.1178217821782179,-0.0684713483183955,-2.095866965179565,-6.712354683062594,4.616487717883029,1.7743170312774457,1.0681482258411017,1,COVID-19 Pandemic
2020-04-01,71.8,12249.2,1186.0,2730.6,8332.6,18015.3,1,-0.1941638608305275,-0.1131993513263059,-3.4607786044598976,-10.863085749800849,7.402307145340951,4.284529453098858,2.195253583919483,1,COVID-19 Pandemic
2020-05-01,72.3,13281.5,1541.4,2960.2,8779.9,17110.0,0,0.0069637883008355,0.0842748914214805,0.1351605437359728,7.462402068398545,-7.327241524662572,1.563851112853803,0.9710359487285748,1,COVID-19 Pandemic
2020-06-01,78.1,14049.2,1674.1,3105.7,9269.4,17050.2,0,0.0802213001383125,0.0578022060761209,1.4449235517237575,5.005753211002934,-3.560829659279176,-1.1619213462002655,0.30619784253859,1,COVID-19 Pandemic
2020-07-01,72.5,14307.2,1737.0,3144.2,9426.1,17202.9,0,-0.0717029449423815,0.0183640349628448,-1.2713133396494336,1.345915278460692,-2.6172286181101256,-4.501766600683958,-0.1086185737925498,1,COVID-19 Pandemic
2020-08-01,74.1,14462.2,1760.4,3135.1,9566.7,16542.0,0,0.0220689655172412,0.0108337061060166,0.4052243481283424,0.6471054093220081,-0.2418810611936657,-2.139979779527656,-0.2880643333369265,1,COVID-19 Pandemic
2020-09-01,80.4,14668.1,1765.8,3191.8,9710.5,16633.7,0,0.08502024291498,0.0142371146851791,1.5307233225414412,0.9629396244072442,0.5677836981341969,-0.7637753270565315,-0.9628483366283984,1,COVID-19 Pandemic
2020-10-01,81.8,14725.8,1773.4,3170.1,9782.3,16573.6,0,0.0174129353233829,0.003933706478685,0.3219796956820654,0.0067897035530224,0.3151899921290429,0.2136975430231914,-2.1440345288303835,1,
2020-11-01,76.9,14701.6,1764.6,3163.4,9773.7,16381.8,0,-0.0599022004889974,-0.0016433742139645,-1.0603291256885596,-0.5107599417685628,-0.5495691839199969,0.1111348354477476,-1.0144224720399542,1,
2020-12-01,80.7,14822.0,1803.7,3200.2,9818.2,16397.7,0,0.0494148244473342,0.0081895848070958,0.8941379564385449,0.4017325851046211,0.4924053713339237,0.0860087265143232,-0.3388833002711041,0,
2021-01-01,79.0,15073.0,1863.2,3284.1,9925.7,18194.0,0,-0.0210656753407683,0.0169342868708677,-0.3659751581283958,1.2132355381662334,-1.5792106962946293,-0.5454581696269009,-0.1658803133018546,0,
2021-02-01,76.8,14983.5,1804.0,3235.4,9944.1,16697.3,0,-0.0278481012658228,-0.0059377695216612,-0.4872374063025031,-0.9092771752198138,0.4220397689173106,-0.2215885186811316,-0.0552268416166919,0,
2021-03-01,84.9,15709.7,2066.4,3450.2,10193.1,20520.0,0,0.1054687500000002,0.0484666466446424,1.8963199347762856,4.139419058978166,-2.24309912420188,-1.1334233505263995,-0.5237073120060382,1,
2021-04-01,88.3,15917.5,2107.7,3463.0,10346.9,17420.7,0,0.040047114252061,0.0132274963875822,0.7266536947489196,0.8692476696682445,-0.1425939749193249,-0.6545511100679647,-0.6000046398474328,1,
2021-05-01,82.9,15973.5,2034.1,3466.0,10473.4,16922.4,0,-0.061155152887882,0.0035181404114967,-1.0827305240116347,-0.0317745709363976,-1.050955953075237,-1.1455496840654806,-0.6835691013733062,1,
2021-06-01,85.5,16191.7,2018.7,3543.9,10629.1,16838.1,0,0.031363088057901,0.0136601245813379,0.5713929442235499,0.9093952989699802,-0.3380023547464302,-0.5105174275803308,-0.8219703890533651,1,
2021-07-01,81.2,16239.7,1958.7,3502.6,10778.5,16949.3,0,-0.0502923976608187,0.0029644818024048,-0.888516516405182,-0.0831537480643959,-0.8053627683407861,-0.7314403587208179,-0.6929957343943913,1,
2021-08-01,70.3,16412.9,1968.0,3561.4,10883.4,16917.1,0,-0.1342364532019705,0.0106652216481832,-2.3893430655267456,0.6314701556473078,-3.0208132211740533,-1.38805944808709,-1.2668045660762852,1,
2021-09-01,72.8,16489.6,1962.9,3581.0,10945.7,16728.5,0,0.0355618776671409,0.0046731534341888,0.6464626424779281,0.0754099245334153,0.5710527179445127,-1.0850410905234422,-0.7977792590518865,1,2022 Inflation Surge
2021-10-01,71.7,16704.2,2036.7,3635.7,11031.9,16733.5,0,-0.01510989010989,0.0130142635358045,-0.2594923281323371,0.8494597926604965,-1.1089521207928337,-1.1862375413407913,-0.9588389500308048,1,2022 Inflation Surge
2021-11-01,67.4,16849.8,2049.0,3684.7,11116.2,16686.4,0,-0.0599721059972105,0.008716370733109,-1.061578958591912,0.4506179938324979,-1.51219695242441,-0.6833654517575769,-1.0357124499223334,1,2022 Inflation Surge
2021-12-01,70.6,16891.0,2033.1,3683.1,11174.8,16610.8,0,0.0474777448071215,0.0024451328799155,0.8595051223080936,-0.131349007456416,0.9908541297645096,-0.5434316478175779,-0.81423636917051,1,2022 Inflation Surge
2022-01-01,67.2,16993.8,2099.8,3702.5,11191.5,16206.1,0,-0.0481586402266287,0.0060860813450949,-0.8503673015980905,0.2065287624082527,-1.0568960640063432,-0.5260796288887478,-0.8561585851147694,1,2022 Inflation Surge
2022-02-01,62.8,17106.0,2066.9,3740.0,11299.1,16207.6,0,-0.0654761904761905,0.0066024079370123,-1.1599858804568135,0.254443551389015,-1.4144294318458286,-0.493490455362554,-0.5884279535600655,1,2022 Inflation Surge
2022-03-01,59.4,17347.2,2084.5,3836.3,11426.5,16127.2,0,-0.054140127388535,0.0141003156787091,-0.9573096535960572,0.9502447610583578,-1.907554414654415,-1.459626636835529,-1.0015291423265535,1,2022 Inflation Surge
2022-04-01,65.2,17490.0,2118.0,3834.8,11537.2,16125.5,0,0.0976430976430977,0.0082318760376314,1.756405955808743,0.4056571851902432,1.3507487706185,-0.6570783586272478,-0.5915789937579978,1,2022 Inflation Surge
2022-05-01,58.4,17574.5,2062.6,3892.8,11619.1,16103.0,0,-0.1042944785276074,0.0048313321898227,-1.8540137889661217,0.0900888154061362,-1.9441026043722576,-0.8336360828027244,-0.6635632690826392,1,2022 Inflation Surge
2022-06-01,50.0,17755.2,2068.5,3965.6,11721.1,16062.9,0,-0.1438356164383561,0.0102819425872713,-2.5609654507170427,0.5959020954082633,-3.156867546125306,-1.2500737932930213,-1.3548502150642754,1,2022 Inflation Surge
2022-07-01,51.5,17770.1,2072.3,3893.3,11804.4,16270.4,0,0.03,0.0008391907722806,0.5470224425495458,-0.2803794436322558,0.8274018861818017,-1.4245227547719208,-1.0408005566995844,1,2022 Inflation Surge
2022-08-01,58.2,17916.5,2101.8,3884.8,11929.8,16367.3,0,0.1300970873786409,0.0082385580272481,2.336647273743923,0.4062772697016147,1.930370004042308,-0.1330318853003988,-0.4833339840515616,0,
2022-09-01,58.6,17992.8,2092.0,3889.0,12011.9,16423.8,0,0.0068728522336769,0.0042586442664582,0.1335347077791024,0.036943729661206,0.0965909781178964,0.9514542894473352,-0.149309751922843,1,2022 Inflation Surge
2022-10-01,59.9,18109.6,2108.2,3921.0,12080.4,16476.3,0,0.0221843003412969,0.0064914854830819,0.4072864067799663,0.2441500161411669,0.1631363906387994,0.7300324575996678,-0.3472451485861265,0,
2022-11-01,56.7,18108.0,2036.4,3907.8,12163.8,16502.7,0,-0.053422370617696,-8.835092989345483e-05,-0.944476959124216,-0.3664547409852036,-0.5780222181390124,-0.1060982831274388,-0.1195650842139188,0,
2022-12-01,59.8,18116.5,2024.1,3860.9,12231.5,16578.2,0,0.0546737213403878,0.0004694057874972,0.9881611963845648,-0.3146952619370121,1.3028564583215767,0.2959902102737879,0.6237222498605616,1,
2023-01-01,64.9,18449.1,2165.6,3928.7,12354.7,16906.9,0,0.0852842809364549,0.0183589545442,1.5354440293270788,1.3454438187467934,0.1900002105802853,0.3049448169209499,0.5174886372603088,0,
2023-02-01,66.9,18491.6,2138.5,3950.6,12402.5,16998.2,0,0.0308166409861325,0.0023036354076892,0.5616230770457871,-0.1444798855269293,0.7061029625727164,0.7329865438248596,0.3134441303487102,0,
2023-03-01,62.0,18520.4,2120.4,3901.3,12498.7,17098.8,0,-0.0732436472346786,0.0015574639295681,-1.2988593867121527,-0.2137241380548992,-1.0851352486572536,-0.0630106918347505,0.1164897592195186,0,
2023-04-01,63.7,18641.8,2146.6,3940.5,12554.7,17135.3,0,0.0274193548387098,0.0065549340187036,0.5008833711530284,0.2500380010775249,0.2508453700755034,-0.0427289720030111,0.1311079224589692,0,
2023-05-01,59.0,18664.6,2139.1,3925.4,12600.1,17196.7,0,-0.0737833594976452,0.0012230578592196,-1.308508842983057,-0.2447568149409196,-1.0637520280421373,-0.6326806355412957,0.0501529541417818,0,
2023-06-01,64.2,18773.0,2136.7,3949.9,12686.3,17216.3,0,0.0881355932203389,0.0058077858620062,1.5864223284800396,0.1807031133806232,1.4057192150994164,0.1976041857109275,0.0672967469380884,0,
2023-07-01,71.5,18884.2,2151.1,3959.3,12773.7,17250.6,0,0.1137071651090342,0.0059234006285622,2.0436136536538667,0.1914320923433704,1.8521815613104964,0.7313829161225919,0.3443269720597903,0,
2023-08-01,69.4,18953.3,2150.3,4009.0,12794.0,17275.3,0,-0.0293706293706292,0.0036591436227109,-0.5144585190632165,-0.0186895599826817,-0.4957689590805347,0.9207106057764594,0.1440149851175817,1,
2023-09-01,67.8,19048.1,2145.7,4034.3,12868.1,17282.2,0,-0.0230547550432277,0.0050017675022291,-0.401537695660389,0.1059051071808696,-0.5074428028412586,0.2829899331295677,0.2402970594202475,0,
2023-10-01,63.8,19109.4,2134.1,4040.1,12935.2,17341.3,0,-0.0589970501474926,0.0032181687412393,-1.044146042148942,-0.0596117567517046,-0.9845342853972374,-0.6625820157730101,0.0344004501747907,0,
2023-11-01,61.3,19178.9,2125.0,4025.2,13028.8,17427.1,0,-0.0391849529780564,0.003636953541189,-0.6899277328954736,-0.0207487858490767,-0.6691789470463969,-0.7203853450949643,0.1001626303407474,0,
2023-12-01,69.7,19283.5,2139.4,4031.2,13113.0,17481.7,0,0.137030995106036,0.0054539102868256,2.460617848424248,0.1478636784654912,2.312754169958757,0.2196803125050408,0.2513351228173042,0,
2024-01-01,79.0,19303.3,2106.0,3989.1,13208.2,17575.4,0,0.1334289813486369,0.0010267845567453,2.3962178400787435,-0.2629708562431275,2.659188696321871,1.4342546397447435,0.3858363119858666,1,
2024-02-01,76.9,19446.5,2130.9,3997.9,13317.6,17596.2,0,-0.0265822784810125,0.0074184206845462,-0.4646058997630689,0.3301690306026554,-0.7947749303657243,1.3923893119716346,0.3360019834383351,1,
2024-03-01,79.4,19581.8,2142.1,4043.0,13396.7,17617.0,0,0.0325097529258777,0.0069575502018357,0.5918940394554909,0.287400534321014,0.3044935051344768,0.7229690903635412,0.471324701434291,0,
2024-04-01,77.2,19665.7,2140.6,4059.5,13465.6,17638.6,0,-0.0277078085642317,0.004284590793492,-0.4847291284996431,0.0393515513521079,-0.5240806798517511,-0.3381207016943328,0.5480669690252055,0,
2024-05-01,69.1,19758.0,2158.8,4077.5,13521.7,17713.3,0,-0.1049222797927462,0.0046934510340337,-1.8652381788317096,0.0772935292684968,-1.9425317081002067,-0.7207062942724937,0.3358415088495705,0,
2024-06-01,68.2,19844.5,2156.2,4080.5,13607.9,17751.1,0,-0.013024602026049,0.0043779734790969,-0.2222096915165594,0.048017406927352,-0.2702270984439114,-0.912279828798623,-0.0946553692175409,1,
2024-07-01,66.4,19949.5,2181.2,4103.8,13664.6,17743.2,0,-0.0263929618768328,0.0052911386026355,-0.4612211289903103,0.1327585666581596,-0.59397969564847,-0.9355795007308628,-0.6368501012125978,1,
2024-08-01,67.9,20001.3,2170.9,4088.6,13741.8,17752.9,0,0.0225903614457831,0.0025965563046692,0.4145463286678223,-0.1172970071190436,0.5318433357868659,-0.1107878194351718,-0.4157470568538327,0,
2024-09-01,70.1,20147.6,2199.7,4130.5,13817.4,17769.9,0,0.0324005891016199,0.0073145245559038,0.5899423114314678,0.3205275340039041,0.2694147774275636,0.0690928058553198,-0.4215935114716516,0,
2024-10-01,70.5,20226.0,2210.1,4124.6,13891.4,17810.5,0,0.0057061340941513,0.0038912823363577,0.1126750823076673,0.0028527693351736,0.1098223129724937,0.3036934753956411,-0.3159430126676108,0,
2024-11-01,71.8,20313.6,2246.5,4124.3,13942.9,17851.4,0,0.0184397163120566,0.0043310590329277,0.3403374002032548,0.0436637752850234,0.2966736249182314,0.2253035717727629,0.0572578761687955,0,
2024-12-01,74.0,20514.3,2294.1,4182.1,14038.0,17867.9,0,0.0306406685236768,0.0098800803402647,0.5584768847172743,0.5586095269717883,-0.000132642254514,0.135454431878737,0.1022736188670284,0,
2025-01-01,71.7,20462.2,2198.0,4185.1,14079.1,17889.8,0,-0.031081081081081,-0.002539691824727,-0.5450394973288902,-0.5939376627143972,0.0488981653855069,0.1151463826830748,0.2094199290393579,0,2025 Tariff Uncertainty
2025-02-01,64.7,20519.8,2209.2,4209.2,14101.4,17910.5,0,-0.097629009762901,0.0028149465844335,-1.734842605016023,-0.0970305239780196,-1.6378120810380037,-0.5296821859690035,-0.1521893070981202,0,2025 Tariff Uncertainty
2025-03-01,57.0,20683.0,2300.2,4195.2,14187.5,18029.1,0,-0.1190108191653787,0.0079532938917534,-2.117125626876504,0.3798049340327367,-2.4969305609092407,-1.3619481588539124,-0.6132468634875877,1,2025 Tariff Uncertainty
2025-04-01,52.2,20746.4,2296.6,4191.1,14258.6,18132.9,0,-0.0842105263157894,0.0030653193443892,-1.4949350132687944,-0.0737960864193133,-1.4211389268494812,-1.8519605229322424,-0.8684070701245835,1,2025 Tariff Uncertainty
2025-05-01,52.2,20755.0,2247.0,4190.3,14317.8,17980.9,0,0.0,0.0004145297497395,0.0106557375650041,-0.3197877243637376,0.3304434619287418,-1.1958753419433268,-0.862778763956165,1,2025 Tariff Uncertainty
2025-06-01,60.7,20868.4,2253.6,4234.8,14380.0,17962.1,0,0.1628352490421456,0.0054637436762225,2.921969270367432,0.1487762109309835,2.773193059436448,0.5608325315052363,-0.4005578136743381,0,2025 Tariff Uncertainty
2025-07-01,61.7,21007.3,2280.3,4241.3,14485.7,18040.9,0,0.016474464579901,0.0066559966264783,0.3052008803352069,0.2594165486889985,0.0457843316462084,1.0498069510037995,-0.4010767859642212,1,2025 Tariff Uncertainty
2025-08-01,58.2,21123.8,2281.8,4273.8,14568.2,18076.9,0,-0.0567260940032414,0.0055456912597049,-1.0035438666737282,0.1563808960886047,-1.159924762762333,0.5530175427734413,-0.3214288995849427,0,2025 Tariff Uncertainty
2025-09-01,55.1,21202.4,2269.8,4289.9,14642.7,18094.6,0,-0.0532646048109965,0.0037209214251223,-0.941656281594262,-0.0129566180568216,-0.9286996635374404,-0.680946698217855,-0.0600570833563093,0,2025 Tariff Uncertainty
2025-10-01,53.6,21287.7,2271.3,4289.6,14726.8,18066.6,0,-0.0272232304900181,0.0040231294570425,-0.4760654103338541,0.015088100740192,-0.4911535110740462,-0.8599259791246067,0.0949404859395964,0,2025 Tariff Uncertainty
2025-11-01,51.0,21361.0,2288.9,4304.1,14768.1,18088.0,0,-0.0485074626865671,0.0034433029401954,-0.8566038600468158,-0.0387194420729786,-0.8178844179738372,-0.7459125308617747,-0.0964474940441666,0,2025 Tariff Uncertainty
2025-12-01,52.9,21455.5,2285.3,4312.3,14857.9,18082.4,0,0.0372549019607841,0.0044239501895979,0.6767320378726019,0.052284017278571,0.6244480205940308,-0.2281966361512841,-0.4545716671845696,0,2025 Tariff Uncertainty
2026-01-01,56.4,21536.6,2268.4,4304.6,14963.6,18203.2,0,0.0661625708884687,0.0037799165715084,1.1935690755901418,-0.0074819048922712,1.201050980482413,0.3358715277008688,-0.2620272257118688,0,2025 Tariff Uncertainty
2026-02-01,56.6,21536.6,2268.4,4304.6,14963.6,18203.2,0,0.00354609929078,0.0,0.0740560573031286,-0.3582558292336747,0.4323118865368034,0.7526036292044157,0.0033455491713205,0,2025 Tariff Uncertainty
2026-03-01,56.6,21536.6,2268.4,4304.6,14963.6,18203.2,0,0.0,0.0,0.0106557375650041,-0.3582558292336747,0.3689115667986789,0.6674248112726318,0.2196140875606737,0,2025 Tariff Uncertainty
